departamento,anio,poblacion
ANTIOQUIA,2018,5974788
ANTIOQUIA,2019,5974788
ANTIOQUIA,2020,5974788
ANTIOQUIA,2021,5974788
ANTIOQUIA,2022,5974788
ATLANTICO,2018,2342265
ATLANTICO,2019,2342265
ATLANTICO,2020,2342265
ATLANTICO,2021,2342265
ATLANTICO,2022,2342265
BOGOTA,2018,7181469
BOGOTA,2019,7181469
BOGOTA,2020,7181469
BOGOTA,2021,7181469
BOGOTA,2022,7181469
BOLIVAR,2018,1909460
BOLIVAR,2019,1909460
BOLIVAR,2020,1909460
BOLIVAR,2021,1909460
BOLIVAR,2022,1909460
BOYACA,2018,1135698
BOYACA,2019,1135698
BOYACA,2020,1135698
BOYACA,2021,1135698
BOYACA,2022,1135698
CALDAS,2018,923472
CALDAS,2019,923472
CALDAS,2020,923472
CALDAS,2021,923472
CALDAS,2022,923472
CAQUETA,2018,359602
CAQUETA,2019,359602
CAQUETA,2020,359602
CAQUETA,2021,359602
CAQUETA,2022,359602
CAUCA,2018,1243503
CAUCA,2019,1243503
CAUCA,2020,1243503
CAUCA,2021,1243503
CAUCA,2022,1243503
CESAR,2018,1098577
CESAR,2019,1098577
CESAR,2020,1098577
CESAR,2021,1098577
CESAR,2022,1098577
CORDOBA,2018,1555596
CORDOBA,2019,1555596
CORDOBA,2020,1555596
CORDOBA,2021,1555596
CORDOBA,2022,1555596
CUNDINAMARCA,2018,2792877
CUNDINAMARCA,2019,2792877
CUNDINAMARCA,2020,2792877
CUNDINAMARCA,2021,2792877
CUNDINAMARCA,2022,2792877
CHOCO,2018,457412
CHOCO,2019,457412
CHOCO,2020,457412
CHOCO,2021,457412
CHOCO,2022,457412
HUILA,2018,1009548
HUILA,2019,1009548
HUILA,2020,1009548
HUILA,2021,1009548
HUILA,2022,1009548
GUAJIRA,2018,825364
GUAJIRA,2019,825364
GUAJIRA,2020,825364
GUAJIRA,2021,825364
GUAJIRA,2022,825364
MAGDALENA,2018,1263788
MAGDALENA,2019,1263788
MAGDALENA,2020,1263788
MAGDALENA,2021,1263788
MAGDALENA,2022,1263788
META,2018,919129
META,2019,919129
META,2020,919129
META,2021,919129
META,2022,919129
NARINO,2018,1335521
NARINO,2019,1335521
NARINO,2020,1335521
NARINO,2021,1335521
NARINO,2022,1335521
NORTE SANTANDER,2018,1346806
NORTE SANTANDER,2019,1346806
NORTE SANTANDER,2020,1346806
NORTE SANTANDER,2021,1346806
NORTE SANTANDER,2022,1346806
QUINDIO,2018,509640
QUINDIO,2019,509640
QUINDIO,2020,509640
QUINDIO,2021,509640
QUINDIO,2022,509640
RISARALDA,2018,839597
RISARALDA,2019,839597
RISARALDA,2020,839597
RISARALDA,2021,839597
RISARALDA,2022,839597
SANTANDER,2018,2008841
SANTANDER,2019,2008841
SANTANDER,2020,2008841
SANTANDER,2021,2008841
SANTANDER,2022,2008841
SUCRE,2018,864036
SUCRE,2019,864036
SUCRE,2020,864036
SUCRE,2021,864036
SUCRE,2022,864036
TOLIMA,2018,1228763
TOLIMA,2019,1228763
TOLIMA,2020,1228763
TOLIMA,2021,1228763
TOLIMA,2022,1228763
VALLE,2018,3789874
VALLE,2019,3789874
VALLE,2020,3789874
VALLE,2021,3789874
VALLE,2022,3789874
ARAUCA,2018,239503
ARAUCA,2019,239503
ARAUCA,2020,239503
ARAUCA,2021,239503
ARAUCA,2022,239503
CASANARE,2018,379892
CASANARE,2019,379892
CASANARE,2020,379892
CASANARE,2021,379892
CASANARE,2022,379892
PUTUMAYO,2018,283197
PUTUMAYO,2019,283197
PUTUMAYO,2020,283197
PUTUMAYO,2021,283197
PUTUMAYO,2022,283197
SAN ANDRES,2018,48299
SAN ANDRES,2019,48299
SAN ANDRES,2020,48299
SAN ANDRES,2021,48299
SAN ANDRES,2022,48299
AMAZONAS,2018,66056
AMAZONAS,2019,66056
AMAZONAS,2020,66056
AMAZONAS,2021,66056
AMAZONAS,2022,66056
GUAINIA,2018,44431
GUAINIA,2019,44431
GUAINIA,2020,44431
GUAINIA,2021,44431
GUAINIA,2022,44431
GUAVIARE,2018,73081
GUAVIARE,2019,73081
GUAVIARE,2020,73081
GUAVIARE,2021,73081
GUAVIARE,2022,73081
VAUPES,2018,37690
VAUPES,2019,37690
VAUPES,2020,37690
VAUPES,2021,37690
VAUPES,2022,37690
VICHADA,2018,76642
VICHADA,2019,76642
VICHADA,2020,76642
VICHADA,2021,76642
VICHADA,2022,76642
