grupo,anio,n_meses,media_mensual,sd_mensual,cv_mensual_pct,n_semanas,media_semanal,sd_semanal,cv_semanal_pct
DENGUE,2018,12,3637.67,1648.14,45.3,52,839.46,377.42,45.0
DENGUE,2019,12,10249.83,2481.26,24.2,52,2365.35,477.38,20.2
DENGUE,2020,12,6351.67,4740.96,74.6,53,1438.11,1037.9,72.2
DENGUE,2021,12,4364.67,2512.87,57.6,52,1007.23,573.83,57.0
DENGUE,2022,12,5474.25,1440.45,26.3,52,1263.29,283.91,22.5
IRAG INUSITADA,2018,12,107.33,64.7,60.3,52,24.77,15.72,63.5
IRAG INUSITADA,2019,12,69.58,22.92,32.9,52,16.06,5.83,36.3
IRAG INUSITADA,2020,12,1813.75,2140.35,118.0,53,410.66,482.05,117.4
IRAG INUSITADA,2021,12,79.5,75.7,95.2,52,18.35,18.8,102.5
IRAG INUSITADA,2022,12,8940.83,7504.38,83.9,52,2063.27,1630.62,79.0
TUBERCULOSIS (TODAS LAS FORMAS),2018,12,1166.5,149.57,12.8,52,269.19,27.32,10.1
TUBERCULOSIS (TODAS LAS FORMAS),2019,12,1187.92,151.81,12.8,52,274.13,31.14,11.4
TUBERCULOSIS (TODAS LAS FORMAS),2020,12,918.58,198.75,21.6,53,207.98,47.53,22.9
TUBERCULOSIS (TODAS LAS FORMAS),2021,12,1177.67,197.2,16.7,52,271.77,45.21,16.6
TUBERCULOSIS (TODAS LAS FORMAS),2022,12,1429.5,188.45,13.2,52,329.88,31.67,9.6
